{
"id_0": { 
	"displayName": "Грузовики MAN Россия",
	"subMenu": {
		"id_7012177": {
		"displayName": "Магистральные перевозки",
		"subMenu": {
			"id_7012182": {
			"displayName": "TGX",
			"link": "/overview_tgx_longhaul.html",
			"isExternal": false,
			"subMenu": {
				"id_7012183": {
				"displayName": "Обзор",
				"link": "/overview_tgx_longhaul.html",
				"isExternal": false},
				"id_7012184": {
				"displayName": "Технические разработки",
				"link": "/technology_tgx_longhaul.html",
				"isExternal": false},
				"id_7012186": {
				"displayName": "Безопасность",
				"link": "/safety_tgx_longhaul.html",
				"isExternal": false},
				"id_7012187": {
				"displayName": "Эффективность",
				"link": "efficiency_tgx_longhaul_1/efficiency_tgx_longhaul.html",
				"isExternal": false},
				"id_7012188": {
				"displayName": "Сервис",
				"link": "service_tgx_longhaul_1/service_tgx_longhaul_1.html",
				"isExternal": false},
				"id_7012191": {
				"displayName": "Финансирование",
				"link": "funding_tgx_longhaul_1/financing_leasing_insurance_1.html",
				"isExternal": false}}},
			"id_9534643": {
			"displayName": "TGX D38",
			"link": "tgx_d38/tgx_d38_longhaul.html",
			"isExternal": false},
			"id_7012189": {
			"displayName": "TGX EfficientLine 2",
			"link": "tgx_efficient_line_longhaul_1/overview_tgx_efficient_line_longhaul_1/overview_tgx_efficient_line_longhaul.html",
			"isExternal": false,
			"subMenu": {
				"id_7012197": {
				"displayName": "Обзор",
				"link": "tgx_efficient_line_longhaul_1/overview_tgx_efficient_line_longhaul_1/overview_tgx_efficient_line_longhaul.html",
				"isExternal": false},
				"id_12614213": {
				"displayName": "Highlights",
				"link": "tgx_efficient_line_longhaul_1/highlights_2/eff2_special_page.html",
				"isExternal": false},
				"id_7012193": {
				"displayName": "Технические разработки",
				"link": "tgx_efficient_line_longhaul_1/technology_tgx_efficient_line_longhaul_1/technology_tgx_efficient_line_longhaul.html",
				"isExternal": false},
				"id_7012196": {
				"displayName": "Безопасность",
				"link": "tgx_efficient_line_longhaul_1/safety_tgx_efficient_line_longhaul_1/safety_tgx_efficient_line_longhaul.html",
				"isExternal": false},
				"id_7012192": {
				"displayName": "Эффективность",
				"link": "tgx_efficient_line_longhaul_1/efficiency_tgx_efficient_line_longhaul_1/efficiency_tgx_efficient_line_longhaul.html",
				"isExternal": false},
				"id_7012194": {
				"displayName": "Сервис",
				"link": "tgx_efficient_line_longhaul_1/service_tgx_efficient_line_longhaul_1/service_tgx_efficient_line_longhaul.html",
				"isExternal": false},
				"id_7012195": {
				"displayName": "Финансирование",
				"link": "tgx_efficient_line_longhaul_1/funding_tgx_efficient_line_longhaul_1/financing_leasing_insurance_2.html",
				"isExternal": false}}},
			"id_7012190": {
			"displayName": "TGS",
			"link": "tgs_longhaul_1/overview_tgs_longhaul_1/overview_tgs_longhaul.html",
			"isExternal": false,
			"subMenu": {
				"id_7012204": {
				"displayName": "Обзор",
				"link": "tgs_longhaul_1/overview_tgs_longhaul_1/overview_tgs_longhaul.html",
				"isExternal": false},
				"id_7012205": {
				"displayName": "Технические разработки",
				"link": "tgs_longhaul_1/technology_tgs_longhaul_1/technology_tgs_longhaul.html",
				"isExternal": false},
				"id_7012201": {
				"displayName": "Безопасность",
				"link": "tgs_longhaul_1/safety_tgs_longhaul_1/safety_tgs_longhaul.html",
				"isExternal": false},
				"id_7012200": {
				"displayName": "Эффективность",
				"link": "tgs_longhaul_1/efficiency_tgs_longhaul_1/efficiency_tgs_longhaul.html",
				"isExternal": false},
				"id_7012199": {
				"displayName": "Сервис",
				"link": "tgs_longhaul_1/service_tgs_longhaul_1/service_tgs_longhaul_1.html",
				"isExternal": false},
				"id_7012203": {
				"displayName": "Финансирование",
				"link": "tgs_longhaul_1/funding_tgs_longhaul_1/financing_leasing_insurance_3.html",
				"isExternal": false},
				"id_12377222": {
				"displayName": "Акции",
				"link": "tgs_longhaul_1/_____/_________________.html",
				"isExternal": false}}},
			"id_12317933": {
			"displayName": "Концепция автопоездов",
			"link": "semitrailer_combination_concepts/semitrailer_combination_concepts.html",
			"isExternal": false},
			"id_7012291": {
			"displayName": "Сравнение моделей",
			"link": "overview_trucks_longhaul_1/overview_trucks_longhaul.html",
			"isExternal": false},
			"id_7012297": {
			"displayName": "Конфигуратор грузового автомобиля MAN",
			"link": "truck_configurator_1/truck_configurator.html",
			"isExternal": false},
			"id_13149107": {
			"displayName": "Грузовики в наличии",
			"link": "http://www.truckstogo.ru/",
			"isExternal": true}}},
		"id_7012178": {
		"displayName": "Строительство",
		"subMenu": {
			"id_7012206": {
			"displayName": "TGX",
			"link": "/traction_1/tgx_traction_1/overview_tgx_traction_1/overview_tgx_traction.html",
			"isExternal": false,
			"subMenu": {
				"id_7012210": {
				"displayName": "Обзор",
				"link": "/traction_1/tgx_traction_1/overview_tgx_traction_1/overview_tgx_traction.html",
				"isExternal": false},
				"id_7012293": {
				"displayName": "Тяжеловозы",
				"link": "/traction_1/tgx_traction_1/heavyduty_tgx_traction_1/heavyduty_tgx_traction.html",
				"isExternal": false},
				"id_7012213": {
				"displayName": "Технические разработки",
				"link": "/traction_1/tgx_traction_1/technology_tgx_traction_1/technology_tgx_traction.html",
				"isExternal": false},
				"id_7012215": {
				"displayName": "Безопасность",
				"link": "/traction_1/tgx_traction_1/safety_tgx_traction_1/safety_tgx_traction.html",
				"isExternal": false},
				"id_7012216": {
				"displayName": "Эффективность",
				"link": "/traction_1/tgx_traction_1/efficiency_tgx_traction_1/efficiency_tgx_traction.html",
				"isExternal": false},
				"id_7012212": {
				"displayName": "Сервис",
				"link": "/traction_1/tgx_traction_1/service_tgx_traction_1/service_tgx_traction.html",
				"isExternal": false},
				"id_7012211": {
				"displayName": "Финансирование",
				"link": "/traction_1/tgx_traction_1/funding_tgx_traction_1/financing_leasing_insurance_4.html",
				"isExternal": false}}},
			"id_9534644": {
			"displayName": "TGX D38",
			"link": "/traction_1/tgx_d38_1/tgx_d38_traction.html",
			"isExternal": false},
			"id_7012207": {
			"displayName": "TGS",
			"link": "/traction_1/tgs_traction_1/overview_tgs_traction_1/overview_tgs_traction.html",
			"isExternal": false,
			"subMenu": {
				"id_7012217": {
				"displayName": "Обзор",
				"link": "/traction_1/tgs_traction_1/overview_tgs_traction_1/overview_tgs_traction.html",
				"isExternal": false},
				"id_7012218": {
				"displayName": "Технические разработки",
				"link": "/traction_1/tgs_traction_1/technology_tgs_traction_1/technology_tgs_traction.html",
				"isExternal": false},
				"id_7012220": {
				"displayName": "Безопасность",
				"link": "/traction_1/tgs_traction_1/safety_tgs_traction_1/safety_tgs_traction.html",
				"isExternal": false},
				"id_7012221": {
				"displayName": "Эффективность",
				"link": "/traction_1/tgs_traction_1/efficiency_tgs_traction_1/efficiency_tgs_traction.html",
				"isExternal": false},
				"id_7012222": {
				"displayName": "Сервис",
				"link": "/traction_1/tgs_traction_1/service_tgs_traction_1/service_tgs_traction.html",
				"isExternal": false},
				"id_7012223": {
				"displayName": "Финансирование",
				"link": "/traction_1/tgs_traction_1/funding_tgs_traction_1/financing_leasing_insurance_5.html",
				"isExternal": false}}},
			"id_7012208": {
			"displayName": "TGM",
			"link": "/traction_1/tgm_traction_1/overview_tgm_traction_1/overview_tgm_traction.html",
			"isExternal": false,
			"subMenu": {
				"id_7012225": {
				"displayName": "Обзор",
				"link": "/traction_1/tgm_traction_1/overview_tgm_traction_1/overview_tgm_traction.html",
				"isExternal": false},
				"id_7012224": {
				"displayName": "Технические разработки",
				"link": "/traction_1/tgm_traction_1/technology_tgm_traction_1/technology_tgm_traction.html",
				"isExternal": false},
				"id_7012227": {
				"displayName": "Безопасность",
				"link": "/traction_1/tgm_traction_1/safety_tgm_traction_1/safety_tgm_traction.html",
				"isExternal": false},
				"id_7012228": {
				"displayName": "Эффективность",
				"link": "/traction_1/tgm_traction_1/efficiency_tgm_traction_1/efficiency_tgm_traction.html",
				"isExternal": false},
				"id_7012229": {
				"displayName": "Сервис",
				"link": "/traction_1/tgm_traction_1/service_tgm_traction_1/service_tgm_traction.html",
				"isExternal": false},
				"id_7012230": {
				"displayName": "Финансирование",
				"link": "/traction_1/tgm_traction_1/funding_tgm_traction_1/financing_leasing_insurance_6.html",
				"isExternal": false}}},
			"id_7012209": {
			"displayName": "TGL",
			"link": "/traction_1/tgl_traction_1/overview_tgl_traction_1/overview_tgl_traction.html",
			"isExternal": false,
			"subMenu": {
				"id_7012234": {
				"displayName": "Обзор",
				"link": "/traction_1/tgl_traction_1/overview_tgl_traction_1/overview_tgl_traction.html",
				"isExternal": false},
				"id_7012236": {
				"displayName": "Технические разработки",
				"link": "/traction_1/tgl_traction_1/technology_tgl_traction_1/technology_tgl_traction.html",
				"isExternal": false},
				"id_7012233": {
				"displayName": "Безопасность",
				"link": "/traction_1/tgl_traction_1/safety_tgl_traction_1/safety_tgl_traction.html",
				"isExternal": false},
				"id_7012232": {
				"displayName": "Эффективность",
				"link": "/traction_1/tgl_traction_1/efficiency_tgl_traction_1/efficiency_tgl_traction.html",
				"isExternal": false},
				"id_7012231": {
				"displayName": "Сервис",
				"link": "/traction_1/tgl_traction_1/service_tgl_traction_1/service_tgl_traction.html",
				"isExternal": false},
				"id_7012237": {
				"displayName": "Финансирование",
				"link": "/traction_1/tgl_traction_1/funding_tgl_traction_1/financing_leasing_insurance_7.html",
				"isExternal": false}}},
			"id_7270556": {
			"displayName": "TGS WW",
			"link": "/traction_1/tgs_ww_traction/overview_tgs_ww_traction_1/overview_tgs_ww_traction.html",
			"isExternal": false,
			"subMenu": {
				"id_7270557": {
				"displayName": "Обзор",
				"link": "/traction_1/tgs_ww_traction/overview_tgs_ww_traction_1/overview_tgs_ww_traction.html",
				"isExternal": false},
				"id_7270558": {
				"displayName": "Технические разработки",
				"link": "/traction_1/tgs_ww_traction/technology_tgs_ww_traction_1/technology_tgs_ww_traction.html",
				"isExternal": false},
				"id_7270563": {
				"displayName": "Безопасность",
				"link": "/traction_1/tgs_ww_traction/safety_tgs_ww_traction_1/safety_tgs_ww_traction.html",
				"isExternal": false},
				"id_7270564": {
				"displayName": "Эффективность",
				"link": "/traction_1/tgs_ww_traction/efficiency_tgs_ww_traction_1/efficiency_tgs_ww_traction.html",
				"isExternal": false},
				"id_7270565": {
				"displayName": "Сервис",
				"link": "/traction_1/tgs_ww_traction/service_tgs_ww_traction_1/service_tgs_ww_traction.html",
				"isExternal": false},
				"id_7307517": {
				"displayName": "Финансирование",
				"link": "/traction_1/tgs_ww_traction/funding_tgl_traction_2/financing_leasing_insurance_11.html",
				"isExternal": false}}},
			"id_12317934": {
			"displayName": "Концепция автопоездов",
			"link": "/traction_1/semitrailer_combination_concepts_1/semitrailer_combination_concepts_1.html",
			"isExternal": false},
			"id_7012292": {
			"displayName": "Сравнение моделей",
			"link": "/traction_1/overview_trucks_traction_1/overview_trucks_traction.html",
			"isExternal": false},
			"id_15870189": {
			"displayName": "Конфигуратор грузового автомобиля MAN",
			"link": "/traction_1/truck_configurator_4/truck_configurator_3.html",
			"isExternal": false},
			"id_13161726": {
			"displayName": "Грузовики в наличии",
			"link": "http://www.truckstogo.ru",
			"isExternal": true}}},
		"id_7012179": {
		"displayName": "Развозные перевозки",
		"subMenu": {
			"id_7012239": {
			"displayName": "TGS",
			"link": "/distribution_1/tgs_distribution_1/overview_tgs_distribution_1/overview_tgs_distribution.html",
			"isExternal": false,
			"subMenu": {
				"id_7012247": {
				"displayName": "Обзор",
				"link": "/distribution_1/tgs_distribution_1/overview_tgs_distribution_1/overview_tgs_distribution.html",
				"isExternal": false},
				"id_7012246": {
				"displayName": "Технические разработки",
				"link": "/distribution_1/tgs_distribution_1/technology_tgs_distribution_1/technology_tgs_distribution.html",
				"isExternal": false},
				"id_7012248": {
				"displayName": "Безопасность",
				"link": "/distribution_1/tgs_distribution_1/safety_tgs_distribution_1/safety_tgs_distribution.html",
				"isExternal": false},
				"id_7012242": {
				"displayName": "Эффективность",
				"link": "/distribution_1/tgs_distribution_1/efficiency_tgs_distribution_1/efficiency_tgs_distribution.html",
				"isExternal": false},
				"id_7012243": {
				"displayName": "Сервис",
				"link": "/distribution_1/tgs_distribution_1/service_tgs_distribution_1/service_tgs_distribution.html",
				"isExternal": false},
				"id_7012245": {
				"displayName": "Финансирование",
				"link": "/distribution_1/tgs_distribution_1/funding_tgs_distribution_1/financing_leasing_insurance_8.html",
				"isExternal": false}}},
			"id_7012240": {
			"displayName": "TGM",
			"link": "/distribution_1/tgm_distribution_1/overview_tgm_distribution_1/overview_tgm_distribution.html",
			"isExternal": false,
			"subMenu": {
				"id_7012251": {
				"displayName": "Обзор",
				"link": "/distribution_1/tgm_distribution_1/overview_tgm_distribution_1/overview_tgm_distribution.html",
				"isExternal": false},
				"id_7012249": {
				"displayName": "Технические разработки",
				"link": "/distribution_1/tgm_distribution_1/technology_tgm_distribution_1/technology_tgm_distribution.html",
				"isExternal": false},
				"id_7012253": {
				"displayName": "Безопасность",
				"link": "/distribution_1/tgm_distribution_1/safety_tgm_distribution_1/safety_tgm_distribution.html",
				"isExternal": false},
				"id_7012250": {
				"displayName": "Эффективность",
				"link": "/distribution_1/tgm_distribution_1/efficiency_tgm_distribution_1/efficiency_tgm_distribution.html",
				"isExternal": false},
				"id_7012254": {
				"displayName": "Сервис",
				"link": "/distribution_1/tgm_distribution_1/service_tgm_distribution_1/service_tgm_distribution.html",
				"isExternal": false},
				"id_7012255": {
				"displayName": "Финансирование",
				"link": "/distribution_1/tgm_distribution_1/funding_tgm_distribution_1/financing_leasing_insurance_9.html",
				"isExternal": false}}},
			"id_7012241": {
			"displayName": "TGL",
			"link": "/distribution_1/tgl_distribution_1/overview_tgl_distribution_1/overview_tgl_distribution.html",
			"isExternal": false,
			"subMenu": {
				"id_7012261": {
				"displayName": "Обзор",
				"link": "/distribution_1/tgl_distribution_1/overview_tgl_distribution_1/overview_tgl_distribution.html",
				"isExternal": false},
				"id_7012260": {
				"displayName": "Технические разработки",
				"link": "/distribution_1/tgl_distribution_1/technology_tgl_distribution_1/technology_tgl_distribution.html",
				"isExternal": false},
				"id_7012262": {
				"displayName": "Безопасность",
				"link": "/distribution_1/tgl_distribution_1/safety_tgl_distribution_1/safety_tgl_distribution.html",
				"isExternal": false},
				"id_7012256": {
				"displayName": "Эффективность",
				"link": "/distribution_1/tgl_distribution_1/efficiency_tgl_distribution_1/efficiency_tgl_distribution.html",
				"isExternal": false},
				"id_7012257": {
				"displayName": "Сервис",
				"link": "/distribution_1/tgl_distribution_1/service_tgl_distribution_1/service_tgl_distribution.html",
				"isExternal": false},
				"id_7012259": {
				"displayName": "Финансирование",
				"link": "/distribution_1/tgl_distribution_1/funding_tgl_distribution_1/financing_leasing_insurance_10.html",
				"isExternal": false}}},
			"id_12317936": {
			"displayName": "Концепция автопоездов",
			"link": "/distribution_1/semitrailer_combination_concepts_2/semitrailer_combination_concepts_2.html",
			"isExternal": false},
			"id_7012294": {
			"displayName": "Сравнение моделей",
			"link": "/distribution_1/overview_trucks_distribution_1/overview_trucks_distribution.html",
			"isExternal": false},
			"id_15870193": {
			"displayName": "Конфигуратор грузового автомобиля MAN",
			"link": "/distribution_1/truck_configurator_5/truck_configurator_4.html",
			"isExternal": false},
			"id_13161728": {
			"displayName": "Грузовики в наличии",
			"link": "http://www.truckstogo.ru",
			"isExternal": true}}},
		"id_7012180": {
		"displayName": "Услуги",
		"subMenu": {
			"id_7012295": {
			"displayName": "Обзор",
			"link": "/services_and_parts/overview_services_and_parts/overview_service_and_parts.html",
			"isExternal": false},
			"id_7012299": {
			"displayName": "Финансирование, лизинг",
			"link": "/services_and_parts/finance_leasing_insurance/financing_leasing_insurance.html",
			"isExternal": false},
			"id_7012303": {
			"displayName": "Эффективная эксплуатация",
			"link": "/services_and_parts/efficient_business/man_profidrive/services/leistungen_1.html",
			"isExternal": false,
			"subMenu": {
				"id_7012305": {
				"displayName": "MAN ProfiDrive&reg;",
				"link": "/services_and_parts/efficient_business/man_profidrive/services/leistungen_1.html",
				"isExternal": false,
				"subMenu": {
					"id_11732393": {
					"displayName": "Услуги",
					"link": "/services_and_parts/efficient_business/man_profidrive/services/leistungen_1.html",
					"isExternal": false},
					"id_11732394": {
					"displayName": "FAQ",
					"link": "/services_and_parts/efficient_business/man_profidrive/faq/faqs_1.html",
					"isExternal": false},
					"id_11732395": {
					"displayName": "Контакты",
					"link": "/services_and_parts/efficient_business/man_profidrive/contact_1/profidrive_kontakt_2.html",
					"isExternal": false}}}}},
			"id_7012308": {
			"displayName": "Техобслуживание и запчасти",
			"link": "/services_and_parts/maintenance_and_parts/service_contracts/______1/servicecontracts.html",
			"isExternal": false,
			"subMenu": {
				"id_7012309": {
				"displayName": "Сервисные контракты",
				"link": "/services_and_parts/maintenance_and_parts/service_contracts/______1/servicecontracts.html",
				"isExternal": false,
				"subMenu": {
					"id_11732398": {
					"displayName": "Услуги",
					"link": "/services_and_parts/maintenance_and_parts/service_contracts/______1/servicecontracts.html",
					"isExternal": false},
					"id_11732399": {
					"displayName": "Преимущества",
					"link": "/services_and_parts/maintenance_and_parts/service_contracts/____________/servicecontracts_benefits.html",
					"isExternal": false},
					"id_11732400": {
					"displayName": "Дополнительный срок гарантии",
					"link": "/services_and_parts/maintenance_and_parts/service_contracts/____________________________/servicecontracts_garantie.html",
					"isExternal": false},
					"id_11732401": {
					"displayName": "Услуги TCO",
					"link": "/services_and_parts/maintenance_and_parts/service_contracts/leistungen_tco/servicecontracts_tco_services.html",
					"isExternal": false},
					"id_16168407": {
					"displayName": "Comfort24",
					"link": "/services_and_parts/maintenance_and_parts/service_contracts/comfort24/comfort24.html",
					"isExternal": false}}},
				"id_7012311": {
				"displayName": "Mobile24",
				"link": "/services_and_parts/maintenance_and_parts/mobile24/mobile24_truck_1.html",
				"isExternal": false},
				"id_7012312": {
				"displayName": "Запасные части",
				"link": "/services_and_parts/maintenance_and_parts/man_genuine_parts/man_genuine_parts_truck_and_bus.html",
				"isExternal": false},
				"id_12359252": {
				"displayName": "Часто задаваемые вопросы",
				"link": "/services_and_parts/maintenance_and_parts/________________________2/________________________.html",
				"isExternal": false}}},
			"id_9167593": {
			"displayName": "Сертификация",
			"link": "/services_and_parts/certification/details.html",
			"isExternal": false}}},
		"id_15830649": {
		"displayName": "Мир MAN",
		"subMenu": {
			"id_15830650": {
			"displayName": "MAN в России",
			"link": "/man_welt_1/man_in_russia/company/company.html",
			"isExternal": false,
			"subMenu": {
				"id_15922785": {
				"displayName": "Компания",
				"link": "/man_welt_1/man_in_russia/company/company.html",
				"isExternal": false},
				"id_15947554": {
				"displayName": "Производство",
				"link": "/man_welt_1/man_in_russia/production_plant/sankt_petersburg.html",
				"isExternal": false},
				"id_15947523": {
				"displayName": "Комплаенс",
				"link": "/man_welt_1/man_in_russia/compliance/compliance_1/compliance.html",
				"isExternal": false,
				"subMenu": {
					"id_15947524": {
					"displayName": "Комплаенс",
					"link": "/man_welt_1/man_in_russia/compliance/compliance_1/compliance.html",
					"isExternal": false},
					"id_15947526": {
					"displayName": "Закупки",
					"link": "/man_welt_1/man_in_russia/compliance/purchase/purchase.html",
					"isExternal": false}}},
				"id_12185271": {
				"displayName": "Пресс-центр",
				"link": "/man_welt_1/man_in_russia/press_and_media/press_overview.jsp",
				"isExternal": false}}},
			"id_7012328": {
			"displayName": "Технологии и разработки",
			"link": "/man_welt_1/technology_and_competence/technology/gps_gesteuerter_tempomat_2/gps_gesteuerter_tempomat.html",
			"isExternal": false,
			"subMenu": {
				"id_7012329": {
				"displayName": "Технические разработки",
				"link": "/man_welt_1/technology_and_competence/technology/gps_gesteuerter_tempomat_2/gps_gesteuerter_tempomat.html",
				"isExternal": false,
				"subMenu": {
					"id_11045172": {
					"displayName": "Темпомат с GPS-управлением",
					"link": "/man_welt_1/technology_and_competence/technology/gps_gesteuerter_tempomat_2/gps_gesteuerter_tempomat.html",
					"isExternal": false},
					"id_7012330": {
					"displayName": "Многофункциональное рулевое колесо",
					"link": "/man_welt_1/technology_and_competence/technology/multifunction_steering_wheel/multifunction_steering_wheel_truck.html",
					"isExternal": false},
					"id_7012331": {
					"displayName": "Адаптивный круиз-контроль",
					"link": "/man_welt_1/technology_and_competence/technology/adaptive_cruise_control/adaptive_cruise_control_truck.html",
					"isExternal": false},
					"id_7012332": {
					"displayName": "Continuous Damping Control",
					"link": "/man_welt_1/technology_and_competence/technology/continuous_damping_control/continuous_damping_control_truck.html",
					"isExternal": false},
					"id_7012333": {
					"displayName": "Электронная система курсовой устойчивости",
					"link": "/man_welt_1/technology_and_competence/technology/elektronic_stability_program/electronic_stability_program_truck.html",
					"isExternal": false},
					"id_7012334": {
					"displayName": "Система слежения за дорожной разметкой",
					"link": "/man_welt_1/technology_and_competence/technology/lane_guard_system/lane_guard_system_truck.html",
					"isExternal": false},
					"id_13871656": {
					"displayName": "Система автоматического экстренного торможения",
					"link": "/man_welt_1/technology_and_competence/technology/notbremsassistent_truck_1/notbremsassistent_eba_truck.html",
					"isExternal": false},
					"id_7012335": {
					"displayName": "MAN BrakeMatic&reg;",
					"link": "/man_welt_1/technology_and_competence/technology/man_brakematic_and_eba/man_brakematic_and_eba_truck.html",
					"isExternal": false},
					"id_7012336": {
					"displayName": "MAN HydroDrive&reg;",
					"link": "/man_welt_1/technology_and_competence/technology/man_hydrodrive/man_hydrodrive_truck.html",
					"isExternal": false},
					"id_7012337": {
					"displayName": "MAN TipMatic&reg;",
					"link": "/man_welt_1/technology_and_competence/technology/man_tipmatic/man_tipmatic_truck.html",
					"isExternal": false},
					"id_11045174": {
					"displayName": "MAN TipMatic&reg; 2",
					"link": "/man_welt_1/technology_and_competence/technology/man_tipmatic_1/man_tipmatic_2.html",
					"isExternal": false},
					"id_7012338": {
					"displayName": "Облегченная конструкция",
					"link": "/man_welt_1/technology_and_competence/technology/lightweight_construction/lightweight_construction_truck.html",
					"isExternal": false}}}}},
			"id_15830652": {
			"displayName": "Знакомство с MAN",
			"link": "/man_welt_1/man_erleben_1/man_sport/sport_sponsoring_truck_2/sport_sponsoring_truck.html",
			"isExternal": false,
			"subMenu": {
				"id_7012318": {
				"displayName": "MAN спорт",
				"link": "/man_welt_1/man_erleben_1/man_sport/sport_sponsoring_truck_2/sport_sponsoring_truck.html",
				"isExternal": false,
				"subMenu": {
					"id_17092411": {
					"displayName": "Спонсоринг в области спорта",
					"link": "/man_welt_1/man_erleben_1/man_sport/sport_sponsoring_truck_2/sport_sponsoring_truck.html",
					"isExternal": false},
					"id_17092406": {
					"displayName": "Мотоспорт",
					"link": "/man_welt_1/man_erleben_1/man_sport/motorsport_1/motorsports.html",
					"isExternal": false},
					"id_17092408": {
					"displayName": "Зимние виды спорта",
					"link": "/man_welt_1/man_erleben_1/man_sport/wintersport_1/dsv.html",
					"isExternal": false}}},
				"id_15912343": {
				"displayName": "MANmagazine",
				"link": "/man_welt_1/man_erleben_1/manmagazin_1/man_magazin.html",
				"isExternal": false},
				"id_7760976": {
				"displayName": "Магазин MAN",
				"link": "/man_welt_1/man_erleben_1/man_shop_truck_1/man_shop_truck.html",
				"isExternal": false}}},
			"id_15830653": {
			"displayName": "Контактная информация",
			"link": "/man_welt_1/contact_truck_1/question/contact_truck_1.html",
			"isExternal": false,
			"subMenu": {
				"id_15830654": {
				"displayName": "Запрос",
				"link": "/man_welt_1/contact_truck_1/question/contact_truck_1.html",
				"isExternal": false},
				"id_15751991": {
				"displayName": "МАН Трак энд Бас РУС: партнеры",
				"link": "/man_welt_1/contact_truck_1/partnernet/central_federal_district/central_federal_district.html",
				"isExternal": false,
				"subMenu": {
					"id_15751992": {
					"displayName": "Центральный федеральный округ",
					"link": "/man_welt_1/contact_truck_1/partnernet/central_federal_district/central_federal_district.html",
					"isExternal": false},
					"id_15751994": {
					"displayName": "Северо-Западный федеральный округ",
					"link": "/man_welt_1/contact_truck_1/partnernet/north_western_federal_district/north_western_federal_district.html",
					"isExternal": false},
					"id_15751996": {
					"displayName": "Приволжский федеральный округ",
					"link": "/man_welt_1/contact_truck_1/partnernet/volga_federal_district/volga_federal_district.html",
					"isExternal": false},
					"id_15751998": {
					"displayName": "Уральский федеральный округ",
					"link": "/man_welt_1/contact_truck_1/partnernet/ural_federal_district/ural_federal_district.html",
					"isExternal": false},
					"id_15752000": {
					"displayName": "Сибирский федеральный округ",
					"link": "/man_welt_1/contact_truck_1/partnernet/siberian_federal_district/siberian_federal_district.html",
					"isExternal": false},
					"id_15752002": {
					"displayName": "Дальневосточный федеральный округ",
					"link": "/man_welt_1/contact_truck_1/partnernet/far_eastern_federal_district/far_eastern_federal_district.html",
					"isExternal": false},
					"id_15752004": {
					"displayName": "Южный федеральный округ",
					"link": "/man_welt_1/contact_truck_1/partnernet/southern_federal_district/southern_federal_district.html",
					"isExternal": false},
					"id_15752006": {
					"displayName": "Северо-Кавказский федеральный округ",
					"link": "/man_welt_1/contact_truck_1/partnernet/north_caucasian_federal_district/north_caucasian_federal_district.html",
					"isExternal": false}}},
				"id_15753510": {
				"displayName": "Контакты",
				"link": "/man_welt_1/contact_truck_1/contact_3/details_1.html",
				"isExternal": false}}}}},
		"id_12377509": {
		"displayName": "Подержанные т/с",
		"subMenu": {
			"id_12377511": {
			"displayName": "MAN TopUsed",
			"link": "/ ",
			"isExternal": true},
			"id_12377513": {
			"displayName": "Поиск автомобилей MAN TopUsed",
			"link": "/?seite=detailsuche ",
			"isExternal": true},
			"id_12377515": {
			"displayName": "Услуги MAN TopUsed",
			"link": "/my-obeshchayem-vam ",
			"isExternal": true},
			"id_12377517": {
			"displayName": "Центр MAN TopUsed",
			"link": "http://www.man-topused.ru/?seite=content&ansicht=topused-center ",
			"isExternal": true}}}
		}
	}
}

